{"cameraMode":{"drawMode":0,"name":"Shaded","section":"Shading Mode"},"sceneLighting":true,"audioPlay":false,"sceneViewState":{"m_AlwaysRefresh":false,"showFog":true,"showSkybox":true,"showFlares":true,"showImageEffects":true,"showParticleSystems":true,"showVisualEffectGraphs":true,"m_FxEnabled":true},"in2DMode":false,"pivot":{"x":-0.17677871882915498,"y":1.9259330034255982,"z":-13.64415454864502},"rotation":{"x":-0.12839297950267793,"y":0.22123616933822633,"z":-0.030565211549401284,"w":-0.966682493686676},"size":1.4660253524780274,"orthographic":false}